
SQL> select * from user_role;

USER_NAME            PASSWORD     ROLE_CODE
-------------------- ------------ --------------------
Mukul                Mukul123     CLAIM ADJUSTER
Harish               Harish123    INSURED
Rohandeep            Rohandeep123 INSURED
Sankalp              Sankalp123   INSURED
Ashwini              Ashwini123   CLAIM HANDLER
Janvhi               Janvhi123    CLAIM HANDLER
Shreya               Shreya123    INSURED
Abhimanyu            Abhimanyu123 INSURED
Diksha               Diksha123    INSURED
Yashwant             Yashwant123  INSURED
Rahul                Rahul123     INSURED

USER_NAME            PASSWORD     ROLE_CODE
-------------------- ------------ --------------------
Satyam               Satyam123    CLAIM HANDLER
Soumya               Soumya123    INSURED
Pradeepa             Pradeepa123  INSURED
Mansi                Mansi123     INSURED
Varshika             Varshika123  INSURED
Karan                Karan123     INSURED
Tanuj                Tanuj123     INSURED

18 rows selected.

SQL> select * from accounts;

ACCOUNT_NUMBER INSURED_NAME                   USER_NAME
-------------- ------------------------------ --------------------
    1870011516 Harish                         Ashwini
    1870011517 Rohandeep                      Ashwini
    1870011518 Sankalp                        Janvhi
    1870011519 Shreya                         Janvhi
    1870011520 Abhimanyu                      Ashwini
    1870011521 Yashwant                       Satyam
    1870011522 Pradeepa                       Ashwini
    1870011523 Mansi                          Janvhi
    1870011524 Tanuj                          Janvhi
    1870011525 Karan                          Satyam
    1870011526 Varshika                       Satyam

11 rows selected.

SQL> select * from policy;

POLICY_NUMBER POLICY_TYPE          POLICY_PREMIUM ACCOUNT_NUMBER
------------- -------------------- -------------- --------------
        10027 AUTOMOBILE                    25000     1870011516
        10028 MEDICAL                       35000     1870011517
        10029 AUTOMOBILE                    29000     1870011519
        10030 MEDICAL                       30000     1870011520
        10031 MEDICAL                       30000     1870011518
        10041 MEDICAL                       35000     1870011521
        10042 AUTOMOBILE                    28000     1870011522
        10043 MEDICAL                       32000     1870011523
        10044 AUTOMOBILE                    29580     1870011524
        10045 MEDICAL                       38000     1870011525
        10046 AUTOMOBILE                    28000     1870011526

11 rows selected.